арт.;общий остаток;размер
57140;39;36:4,37:9,38:10,39:12,40:4
57141;13;36:3,37:4,39:5,40:1
57142;7;36:2,37:4,39:1
57144;34;36:4,37:11,38:7,39:8,40:4
57145;17;36:4,37:5,38:2,39:4,40:2
57146;20;37:4,38:5,39:9,40:2
57147;10;36:4,37:4,38:2
57148;10;37:9,40:1
57149;25;36:3,37:8,38:7,39:4,40:3
57150;10;37:3,38:2,39:5
57151;28;36:3,37:7,38:8,39:8,40:2
57207;20;36:1,37:8,38:2,39:7,40:2
57208;25;36:4,37:7,38:5,39:7,40:2
57600;0;
57601;2;
57602;0;
57603;0;
57604;5;
57605;4;
57606;0;
57607;46;
57608;28;
57609;44;
57610;48;
57611;43;
57612;43;
57613;42;
57614;13;
57615;8;
57616;0;
57617;26;
57618;0;
57619;42;
57620;44;
57621;0;
57622;0;
57623;37;
57624;6;
57625;32;
57626;46;
57627;6;
57628;11;
57629;44;
57630;57;
57631;4;
57632;6;
57633;8;
57634;20;
57635;43;
57636;37;
57637;43;
57638;14;
57639;8;
57640;21;
57641;21;
57642;28;
57643;20;
57644;10;
57645;40;
57646;29;
57647;24;
57648;28;
57649;9;
57650;37;
57651;28;
57652;32;
57653;25;
57654;4;
57655;41;
57656;15;
57657;65;
57658;33;
57659;38;
57663;35;
57664;39;
57665;12;
57666;3;
57668;1;
57670;45;
57671;32;
57672;39;
57673;38;
57674;29;
57675;61;
57676;20;
57677;28;
57678;15;
57679;39;
57680;34;
57681;33;
57682;19;
57683;32;
57700;88;
57701;69;
57702;71;
57703;51;
57705;49;
57706;69;
57707;42;
57708;70;
57709;54;
57710;17;
57711;14;
57712;3;
57717;1;
57718;10;
57719;29;
57720;19;
57721;0;
57722;13;
57723;69;
57724;77;
57725;42;
57726;10;
57727;38;
57728;30;
57729;16;
57730;57;
57731;32;
57732;35;
57733;13;
57734;38;
57735;77;
57736;80;
57737;79;
57738;51;
57739;38;
57740;29;
57741;47;
57742;64;
57743;73;
57744;56;
57745;69;
57746;75;
57747;74;
57748;92;
57749;67;
57750;77;
57751;61;
57752;79;
57755;0;
57759;0;
57760;27;
57761;34;
57762;8;
57763;15;
57764;38;
57765;53;
57766;44;
57767;0;
57768;1;
57769;10;
57780;61;
57781;6;
57782;18;
57783;28;
57784;57;
57785;49;
57786;53;
57787;43;
57788;13;
57789;12;
57790;33;
57791;38;
57792;58;
57793;29;
57794;62;
57795;53;
57796;68;
58004;26;39:2,40:7,42:4,43:10,44:3
58005;24;39:2,40:2,41:3,42:5,43:7,44:5
58006;7;39:2,40:1,42:3,44:1
58007;7;39:1,40:3,42:1,44:2
58009;48;39:6,40:10,41:5,42:6,43:16,44:5
58010;24;39:2,40:2,41:4,42:6,43:8,44:2
58011;40;39:7,40:6,41:4,42:6,43:12,44:5
58015;23;39:2,40:2,41:1,42:5,43:8,44:1,45:4
58016;33;39:1,40:5,41:1,42:10,43:7,44:6,45:3
58017;9;39:1,40:1,42:2,43:3,44:1,45:1
58020;34;39:2,40:5,41:4,42:7,43:8,44:5,45:3
58022;36;39:2,40:1,41:5,42:9,43:12,44:4,45:3
58033;10;42:3,43:3,44:2,45:2
58037;32;40:5,41:3,42:8,43:8,44:6,45:2
58038;17;41:1,42:3,43:8,44:3,45:2
58039;35;39:2,40:6,41:2,42:6,43:8,44:7,45:4
58040;26;39:2,40:2,41:3,42:3,43:7,44:7,45:2
58041;25;40:4,41:2,42:5,43:6,44:5,45:3
58042;28;40:3,41:4,42:5,43:8,44:5,45:3
58043;16;39:1,40:2,41:1,42:6,43:5,45:1
58044;20;39:2,40:3,41:1,42:4,43:5,44:3,45:2
58057;13;39:3,40:5,41:1,42:1,44:1,45:2
58058;20;39:1,40:3,41:1,42:3,43:5,44:3,45:4
58059;23;39:3,40:5,41:2,42:1,43:7,44:3,45:2
58061;18;39:2,40:1,41:1,42:3,43:4,44:3,45:4
58062;26;39:1,40:3,41:4,42:6,43:5,44:6,45:1
58063;50;39:3,40:7,41:4,42:13,43:14,44:6,45:3
58064;16;39:1,40:1,41:1,42:1,43:5,44:4,45:3
58066;11;40:2,41:2,42:1,43:3,44:3
58070;33;39:3,40:4,41:4,42:5,43:8,44:5,45:4
58071;27;39:3,40:4,41:2,42:3,43:12,44:3
58072;17;40:2,41:2,42:4,43:5,44:1,45:3
58073;10;40:1,42:2,43:3,44:2,45:2
58076;29;39:3,40:4,41:3,42:6,43:6,44:5,45:2
58077;38;39:1,40:4,41:3,42:9,43:11,44:7,45:3
58080;33;39:2,40:2,41:1,42:11,43:11,44:4,45:2
58081;42;39:2,40:6,41:8,42:9,43:9,44:5,45:3
58082;39;39:4,40:7,41:7,42:7,43:8,44:3,45:3
58083;58;39:4,40:8,41:7,42:14,43:16,44:5,45:4
58085;36;39:3,40:6,41:6,42:9,43:8,44:3,45:1
58088;43;39:4,40:5,41:4,42:14,43:11,44:3,45:2
58090;12;39:2,40:2,42:1,43:4,44:2,45:1
58091;23;39:2,40:5,41:1,42:5,43:8,44:2
58093;56;39:4,40:7,41:8,42:14,43:11,44:7,45:5
58094;57;39:4,40:6,41:9,42:13,43:15,44:6,45:4
58096;48;39:3,40:5,41:7,42:15,43:13,44:5
58097;46;39:2,40:9,41:5,42:13,43:11,44:5,45:1
58098;64;39:3,40:9,41:9,42:18,43:15,44:8,45:2
58099;33;40:5,41:4,42:7,43:10,44:4,45:3
58100;39;39:2,40:7,41:6,42:9,43:7,44:6,45:2
58106;4;39:1,40:1,44:1,45:1
58107;12;39:1,42:5,43:2,44:3,45:1
58108;24;39:2,40:3,41:2,42:6,43:4,44:6,45:1
58111;42;39:3,40:6,41:4,42:9,43:8,44:7,45:5
58112;21;39:1,40:1,41:6,42:4,43:3,44:2,45:4
58113;30;39:3,40:4,41:3,42:7,43:9,44:3,45:1
58114;8;39:1,41:1,42:1,43:2,44:3
58116;18;39:1,40:1,41:3,42:3,43:6,44:4
58117;21;39:1,40:2,41:1,42:2,43:5,44:6,45:4
58118;27;39:2,40:3,41:2,42:4,43:9,44:3,45:4
58119;16;39:2,40:1,42:2,43:5,44:3,45:3
58136;13;39:2,40:4,41:2,42:2,43:1,44:2
58137;4;39:1,40:1,41:1,44:1
58140;22;40:5,41:2,42:8,43:6,44:1
58155;19;41:3,42:4,43:7,44:3,45:2
58156;24;40:3,41:3,42:5,43:8,44:3,45:2
58158;15;39:1,42:5,43:4,44:4,45:1
58159;25;39:2,40:3,41:1,42:7,43:6,44:5,45:1
58160;7;39:2,43:4,44:1
58161;5;40:1,43:1,44:1,45:2
58162;8;39:1,40:1,42:1,43:3,44:1,45:1
58163;4;41:1,42:2,43:1
58166;12;39:1,40:3,41:1,42:1,43:3,44:1,45:2
58168;22;39:2,40:4,41:1,42:4,43:5,44:3,45:3
58170;9;41:1,42:1,43:3,44:2,45:2
58174;12;39:1,40:3,42:1,43:3,44:2,45:2
58175;11;42:5,43:2,44:3,45:1
58176;8;39:1,40:2,42:3,43:1,44:1
58177;8;39:1,40:1,42:1,43:1,44:3,45:1
58178;3;43:2,44:1
58179;31;39:2,40:3,41:3,42:7,43:8,44:5,45:3
58182;19;40:4,41:2,42:3,43:4,44:4,45:2
58184;21;40:3,41:3,42:4,43:7,44:4
58185;24;39:4,40:3,41:2,42:3,43:10,44:2
58187;16;40:1,43:10,44:2,45:3
58188;8;40:1,41:1,43:2,45:4
58189;9;40:1,41:1,42:1,43:2,44:1,45:3
58191;0;
58192;22;40:4,42:5,43:6,44:3,45:4
58195;8;40:2,42:4,43:1,44:1
58196;10;40:4,41:2,43:2,44:2
58197;21;40:2,41:2,42:8,43:7,44:1,45:1
58198;21;40:4,41:3,42:2,43:5,44:1,45:6
58199;24;40:4,41:1,42:5,43:6,44:3,45:5
58200;6;40:1,42:2,43:1,45:2
58202;14;41:1,42:3,43:9,45:1
58203;12;40:1,42:3,43:4,44:2,45:2
58204;11;39:1,40:1,41:1,42:2,43:3,44:3
58207;0;
58208;5;40:1,41:1,42:1,43:1,44:1
58209;3;40:1,43:2
58212;43;39:4,40:7,41:6,42:11,43:7,44:6,45:2
58214;20;39:3,40:5,41:4,42:4,43:1,44:2,45:1
58215;47;39:3,40:9,41:7,42:11,43:8,44:7,45:2
58216;55;39:5,40:7,41:9,42:12,43:14,44:5,45:3
58217;42;39:4,40:4,41:5,42:11,43:12,44:3,45:3
58218;28;39:3,40:7,41:8,42:6,43:1,44:3
58220;6;40:2,42:2,43:2
58221;17;40:2,41:2,42:7,43:3,44:3
58222;16;40:1,41:1,42:7,43:4,44:3
58225;22;39:6,40:3,41:1,42:7,43:3,44:2
58226;9;39:4,40:2,42:3
58227;18;39:6,40:4,41:2,42:3,43:2,44:1
58229;16;39:4,40:3,41:3,42:4,44:2
58230;20;39:3,40:5,41:3,42:4,43:4,44:1
58231;0;
58232;14;39:5,40:2,41:1,42:3,43:1,44:2
58233;6;39:2,42:1,44:3
58234;12;39:2,42:2,43:6,44:2
58235;10;39:1,40:3,41:1,42:1,43:3,44:1
58236;13;39:2,40:1,41:2,42:3,43:3,44:2
58249;37;39:2,40:7,41:3,42:9,43:10,44:4,45:2
58250;16;39:1,40:2,42:5,43:7,44:1
58251;7;40:2,41:1,42:1,44:2,45:1
58252;11;39:1,40:2,41:1,42:1,43:5,44:1
58253;5;40:1,43:4
58254;65;39:6,40:7,41:8,42:14,43:19,44:8,45:3
58255;29;39:3,40:4,41:3,42:4,43:9,44:3,45:3
58256;25;39:3,40:4,41:4,42:2,43:6,44:3,45:3
58259;47;39:4,40:5,41:6,42:9,43:13,44:6,45:4
58262;16;41:2,42:4,43:6,44:2,45:2
58263;7;39:1,40:2,42:2,43:1,44:1
58264;6;39:1,41:1,42:2,43:2
58265;12;40:1,41:4,42:6,44:1
58268;33;40:6,41:5,42:10,43:7,44:2,45:3
58269;5;40:1,42:3,44:1
58270;3;41:1,42:1,43:1
58275;21;40:1,41:3,42:10,43:5,44:1,45:1
58276;29;40:4,41:7,42:9,43:6,44:1,45:2
58282;53;39:2,40:8,41:4,42:18,43:13,44:6,45:2
58286;32;39:3,40:6,41:5,42:5,43:9,44:3,45:1
58287;42;39:3,40:4,41:3,42:9,43:13,44:6,45:4
58291;14;40:2,41:1,42:4,43:3,44:2,45:2
58292;22;40:1,41:3,42:3,43:9,44:5,45:1
58295;13;40:2,42:4,43:4,44:2,45:1
58296;11;39:2,40:1,42:1,43:1,44:3,45:3
58300;29;39:2,40:4,41:3,42:6,43:8,44:4,45:2
58303;20;40:1,41:3,42:5,43:6,44:3,45:2
58305;10;40:5,43:1,44:4
58306;27;39:3,40:2,41:5,42:6,43:7,44:3,45:1
58308;26;39:2,40:2,41:4,42:6,43:6,44:5,45:1
58311;34;39:1,40:3,41:2,42:7,43:10,44:8,45:3
58312;35;39:3,40:4,41:3,42:8,43:13,44:4
58314;16;42:5,43:4,44:5,45:2
58316;21;39:3,40:5,41:4,42:5,43:2,44:2
58317;10;39:1,40:3,41:1,42:2,43:1,44:2
58320;15;40:3,41:2,42:3,43:3,44:1,45:3
58321;28;39:1,40:4,41:4,42:5,43:8,44:6
58323;16;40:1,41:1,42:4,43:5,44:4,45:1
58324;24;40:3,41:3,42:5,43:4,44:7,45:2
58328;21;39:1,40:4,41:1,42:5,43:6,44:4
58329;21;40:3,41:1,42:3,43:7,44:4,45:3
58330;7;40:1,42:1,43:1,44:3,45:1
58333;11;40:1,41:1,42:2,43:5,45:2
58335;8;41:1,42:2,43:2,44:2,45:1
58336;5;43:2,44:2,45:1
58337;14;39:1,41:2,42:4,43:5,44:1,45:1
58339;19;39:1,40:3,41:1,42:2,43:5,44:5,45:2
58353;47;39:2,40:6,41:7,42:10,43:12,44:7,45:3
58355;32;39:1,40:4,41:4,42:6,43:9,44:6,45:2
58357;53;39:4,40:6,41:7,42:15,43:13,44:7,45:1
58358;40;39:3,40:5,41:7,42:7,43:11,44:4,45:3
58360;50;39:4,40:5,41:8,42:10,43:14,44:7,45:2
58363;47;39:2,40:8,41:5,42:13,43:11,44:7,45:1
58364;38;39:2,40:5,41:3,42:11,43:11,44:4,45:2
58365;60;39:4,40:8,41:7,42:15,43:16,44:7,45:3
58366;61;39:4,40:9,41:7,42:16,43:16,44:7,45:2
58369;48;39:3,40:6,41:2,42:14,43:15,44:5,45:3
58370;60;39:4,40:8,41:7,42:15,43:14,44:8,45:4
58401;42;40:9,41:9,42:11,43:8,44:1,45:4
58402;62;40:15,41:15,42:11,43:7,44:7,45:7
58403;60;40:14,41:14,42:13,43:10,44:3,45:6
58404;45;40:11,41:11,42:12,43:7,44:1,45:3
58405;61;40:13,41:14,42:11,43:14,44:4,45:5
58406;27;40:11,41:8,42:2,44:4,45:2
58407;61;40:16,41:15,42:11,43:11,44:5,45:3
58408;37;40:10,41:9,42:7,43:4,44:4,45:3
58409;9;40:2,41:2,42:2,43:1,44:1,45:1
58410;8;40:4,41:1,42:3
58411;12;40:7,41:2,43:1,45:2
58412;16;40:7,41:5,42:2,43:1,45:1
58413;18;40:9,41:5,42:1,43:2,45:1
58414;26;40:11,41:7,42:3,43:5
58415;6;40:2,41:1,42:1,44:2
58416;2;41:1,44:1
58417;14;40:3,41:6,42:2,45:3
58418;14;40:6,41:3,42:2,44:1,45:2
59000;8;36:1,37:1,38:2,39:4
59001;3;37:1,38:2
59002;2;37:2
59006;27;35:2,36:2,37:6,38:5,39:11,40:1
59008;0;
59011;0;
59012;2;38:1,39:1
59015;2;38:1,39:1
59016;5;36:1,37:1,38:3
59019;9;37:4,38:1,39:4
59020;3;37:1,38:1,39:1
59021;1;39:1
59022;1;36:1
59023;0;
59025;6;37:3,38:3
59026;17;36:2,38:8,39:6,40:1
59027;26;35:1,36:1,37:9,38:7,39:8
59028;42;35:2,36:3,37:12,38:12,39:11,40:2
59029;38;35:2,36:3,37:11,38:10,39:10,40:2
59031;34;35:1,36:1,37:9,38:9,39:13,40:1
59032;7;38:7
59033;32;35:1,36:1,37:11,38:9,39:9,40:1
59034;32;36:2,37:11,38:10,39:7,40:2
59035;8;38:4,39:3,40:1
59036;12;35:3,38:4,39:5
59037;24;35:2,36:4,37:5,38:5,39:7,40:1
59039;14;36:1,37:5,39:8
59040;19;36:1,37:6,38:7,39:5
59043;22;35:4,36:2,37:9,38:3,39:3,40:1
59044;32;35:2,36:6,37:9,38:7,39:6,40:2
59046;20;36:2,37:5,38:6,39:5,40:2
59056;26;35:1,36:4,37:4,38:8,39:6,40:3
59057;13;37:2,38:8,39:3
59058;12;35:1,37:3,38:2,39:5,40:1
59064;36;36:4,37:10,38:9,39:12,40:1
59067;31;35:2,36:2,37:9,38:8,39:9,40:1
59068;1;36:1
59078;10;37:5,39:2,40:3
59080;60;35:4,36:7,37:16,38:15,39:15,40:3
59081;53;35:3,36:5,37:13,38:15,39:14,40:3
59085;4;37:1,39:3
59089;32;35:4,36:2,37:8,38:8,39:9,40:1
59090;45;35:4,36:4,37:13,38:14,39:10
59091;7;35:1,37:2,38:3,40:1
59092;2;36:1,38:1
59095;6;36:1,37:2,38:1,39:2
59100;42;35:2,36:7,37:9,38:11,39:10,40:3
59103;7;36:1,37:2,38:2,39:2
59107;29;35:1,36:4,37:10,38:6,39:7,40:1
59108;20;37:8,38:7,39:5
59110;10;37:2,38:3,39:3,40:2
59121;42;35:2,36:3,37:12,38:14,39:11
59122;32;36:1,37:13,38:4,39:13,40:1
59124;3;39:3
59125;13;35:1,36:2,37:3,38:3,39:3,40:1
59126;12;36:2,37:3,38:2,39:5
59127;1;39:1
59129;48;35:3,36:2,37:13,38:15,39:12,40:3
59130;57;35:3,36:7,37:14,38:15,39:14,40:4
59134;19;35:1,36:2,37:3,38:8,39:4,40:1
59136;11;36:1,37:2,38:2,39:6
59137;2;37:1,38:1
59138;12;35:1,36:1,37:4,38:2,39:4
59139;21;36:5,37:3,38:5,39:7,40:1
59142;12;35:1,36:1,37:1,38:3,39:4,40:2
59145;10;37:1,38:2,39:7
59146;1;37:1
59150;13;35:3,36:2,37:4,38:3,39:1
59153;1;36:1
59154;1;38:1
59155;3;37:1,38:1,39:1
59156;2;37:1,39:1
59157;1;37:1
59158;0;
59159;3;37:1,38:2
59160;1;37:1
59161;0;
59162;2;36:1,37:1
59163;8;36:1,37:4,39:3
59165;14;37:4,38:2,39:7,40:1
59166;16;36:1,37:3,38:3,39:8,40:1
59167;17;35:1,37:6,38:7,39:2,40:1
59168;22;35:3,36:5,37:9,38:2,39:3
59169;28;35:4,36:5,37:11,38:4,39:4
59170;35;35:3,36:4,37:8,38:8,39:11,40:1
59171;30;35:1,36:3,37:10,38:9,39:5,40:2
59172;35;35:5,36:5,37:7,38:8,39:8,40:2
59173;49;35:2,36:5,37:13,38:14,39:13,40:2
59174;23;35:2,36:2,37:4,38:7,39:8
59175;39;35:3,36:6,37:9,38:10,39:10,40:1
59176;19;35:1,36:5,37:1,38:8,39:4
59177;13;35:3,36:3,37:1,38:3,39:3
59179;17;36:3,37:2,38:3,39:6,40:3
59180;22;35:2,36:2,37:5,38:6,39:7
59181;18;35:2,36:2,37:2,38:3,39:8,40:1
59187;4;36:1,38:1,39:2
59188;3;37:1,38:1,39:1
59198;36;35:2,36:2,37:10,38:9,39:11,40:2
59200;19;35:1,36:4,37:9,38:1,39:4
59201;30;35:3,36:5,37:7,38:8,39:5,40:2
59202;4;38:2,39:2
59203;18;35:2,36:3,37:2,38:8,39:2,40:1
59204;28;35:1,36:4,37:4,38:9,39:9,40:1
59205;44;35:4,36:5,37:10,38:12,39:11,40:2
59206;19;35:1,37:5,38:5,39:6,40:2
59207;7;36:1,37:2,39:4
59210;56;35:5,36:4,37:14,38:15,39:15,40:3
59211;56;35:5,36:7,37:16,38:13,39:14,40:1
59214;58;35:3,36:6,37:18,38:15,39:15,40:1
59216;10;37:3,38:4,39:3
59218;1;37:1
59220;8;37:3,39:5
59222;2;38:1,39:1
59223;2;37:1,39:1
59225;0;
59231;37;35:2,36:5,37:4,38:9,39:17
59235;16;35:4,36:3,37:1,38:4,39:3,40:1
59238;13;35:2,36:2,37:5,38:2,39:2
59242;61;35:3,36:9,37:13,38:18,39:14,40:4
59243;60;35:5,36:6,37:18,38:14,39:14,40:3
59245;55;35:4,36:5,37:18,38:13,39:14,40:1
59246;49;35:4,36:7,37:15,38:13,39:10
59260;5;35:1,37:1,39:3
59262;2;35:1,37:1
59263;11;36:2,37:1,38:3,39:5
59264;20;36:3,37:5,38:3,39:6,40:3
59265;6;36:1,39:3,40:2
59266;18;35:2,36:1,37:8,38:3,39:4
59267;2;37:2
59268;9;36:1,37:8
59269;23;35:2,36:1,37:8,38:6,39:6
59270;18;35:1,36:3,37:7,38:1,39:6
59271;15;35:1,36:4,37:5,38:1,39:4
59272;11;35:1,36:1,37:1,38:4,39:4
59273;8;36:2,37:2,38:1,39:2,40:1
59274;12;35:2,36:1,37:4,38:2,39:3
59275;7;36:5,37:1,39:1
59276;19;35:1,36:4,37:4,38:6,39:4
59280;6;36:2,37:3,39:1
59281;25;35:3,36:4,37:9,38:5,39:4
59282;14;35:1,36:1,37:9,38:3
59283;31;35:2,36:5,37:12,38:5,39:7
59284;15;36:6,37:6,39:3
59287;3;37:1,39:2
59288;2;37:1,39:1
59291;0;
59293;19;36:2,37:10,38:3,39:3,40:1
59295;11;35:2,36:2,37:4,38:3
59296;0;
59297;1;37:1
59300;14;35:2,36:5,37:1,38:4,39:2
59302;2;38:1,39:1
59303;19;35:2,36:3,37:9,38:4,40:1
59307;1;39:1
59308;6;37:1,38:2,39:3
59316;16;35:1,36:4,37:1,38:3,39:6,41:1
59317;7;35:2,36:2,37:1,39:2
59321;5;36:2,37:1,39:2
59322;3;36:2,38:1
59323;6;36:1,37:1,39:2,40:1,41:1
59325;16;35:3,36:1,37:5,38:2,39:5
59331;21;35:2,36:4,37:1,38:4,39:9,41:1
59332;30;35:2,36:7,37:7,38:4,39:9,41:1
59335;30;35:4,36:5,37:10,38:4,39:7
59339;12;36:3,37:6,38:3
59340;8;36:2,37:3,38:2,39:1
59343;33;35:3,36:4,37:7,38:4,39:11,40:4
59344;33;35:1,36:3,37:8,38:10,39:9,40:2
59345;30;35:3,36:3,37:5,38:8,39:9,40:2
59346;11;35:1,36:3,37:5,39:2
59347;21;35:3,36:5,37:6,38:4,39:3
59348;17;35:1,36:3,37:6,38:3,39:3,40:1
59357;17;35:2,36:1,37:2,38:4,39:7,40:1
59358;6;37:2,38:1,39:3
59359;19;35:2,36:2,37:4,38:4,39:6,40:1
59360;27;35:4,36:2,37:7,38:6,39:6,40:2
59362;18;35:3,36:3,37:7,38:1,39:4
59363;18;35:1,37:6,38:2,39:9
59366;21;35:2,36:5,37:2,38:4,39:8
59368;18;35:2,36:3,37:4,38:5,39:3,40:1
59370;33;36:3,37:6,38:9,39:12,40:3
59373;25;36:4,37:6,38:3,39:12
59374;16;37:3,38:6,39:6,40:1
59375;15;36:1,37:2,38:3,39:8,40:1
59378;50;35:3,36:6,37:12,38:12,39:13,40:4
59379;52;35:4,36:8,37:7,38:13,39:16,40:4
59380;48;35:3,36:5,37:13,38:13,39:11,40:3
59382;27;35:1,36:3,37:3,38:5,39:11,40:4
59384;47;35:3,36:6,37:9,38:11,39:15,40:3
59385;54;35:2,36:8,37:13,38:16,39:14,40:1
59387;37;35:2,36:4,37:7,38:9,39:13,40:2
59389;71;35:4,36:10,37:19,38:16,39:18,40:4
59390;17;36:1,37:3,38:6,39:6,40:1
59400;25;35:1,36:4,37:5,38:5,39:9,40:1
59401;15;37:5,38:3,39:7
59403;37;35:4,36:7,37:6,38:9,39:10,40:1
59405;29;36:5,37:10,38:9,39:5
59406;38;35:2,36:6,37:12,38:6,39:12
59407;12;36:1,37:2,38:1,39:7,40:1
59408;20;35:2,36:3,37:4,38:3,39:8
59411;27;36:2,37:7,38:6,39:10,40:2
59412;26;35:2,36:3,37:3,38:7,39:9,40:2
59417;20;35:1,36:3,37:3,38:4,39:7,40:2
59418;18;37:8,38:6,39:4
59419;9;37:2,38:1,39:6
59420;37;35:3,36:2,37:9,38:10,39:10,40:3
59422;66;35:4,36:9,37:16,38:18,39:15,40:4
59426;4;39:3,40:1
59427;4;36:1,39:3
59428;19;35:1,36:2,37:8,38:3,39:5
59429;27;35:1,36:3,37:6,38:5,39:12
59430;17;36:1,37:4,38:3,39:8,40:1
59431;18;37:2,38:6,39:10
59432;2;38:1,40:1
59433;4;37:1,38:1,39:2
59434;10;35:1,36:1,39:7,40:1
59435;18;35:2,37:7,39:9
59436;33;35:1,36:4,37:12,38:7,39:8,40:1
59440;1;38:1
59441;0;
59445;16;38:3,39:11,40:2
59447;18;36:2,37:5,39:10,40:1
59448;10;35:1,36:1,37:2,39:5,40:1
59449;23;35:3,36:3,37:5,38:3,39:7,40:2
59453;7;35:1,37:1,39:4,40:1
59454;1;37:1
59455;7;35:1,37:1,38:1,39:2,40:2
59456;1;37:1
59457;4;37:1,39:3
59458;6;37:1,38:1,39:2,40:2
59459;8;38:1,39:5,40:2
59460;13;36:1,37:2,39:10
59461;2;37:1,39:1
59465;1;38:1
59487;31;35:3,36:3,37:14,38:6,39:5
59489;27;35:2,36:5,37:7,38:6,39:6,41:1
59490;4;35:1,36:1,37:1,41:1
59491;20;35:4,36:3,37:2,38:9,39:2
59496;19;35:2,36:4,37:2,38:3,39:6,40:2
59497;21;35:3,36:3,37:7,38:1,39:6,41:1
59506;14;35:4,36:4,37:3,38:2,39:1
59507;24;35:5,36:2,38:9,39:5,41:3
59508;6;35:3,38:2,39:1
59512;7;35:2,36:1,37:3,41:1
59513;12;35:2,36:2,37:2,38:3,39:2,41:1
59514;4;35:1,36:1,38:2
59515;9;36:2,37:2,38:1,39:3,41:1
59530;6;36:1,37:1,39:3,40:1
59531;42;35:5,36:6,37:9,38:11,39:9,40:2
59532;34;35:4,36:4,37:8,38:5,39:12,40:1
59533;15;36:3,37:1,38:4,39:7
59534;16;35:1,36:1,37:1,38:3,39:9,40:1
59535;10;35:1,36:2,37:1,38:2,39:3,40:1
59536;39;35:5,36:3,37:7,38:12,39:12
59579;3;39:2,40:1
59580;1;39:1
59581;16;35:2,36:3,37:2,38:4,39:3,40:2
59582;15;36:2,37:3,38:5,39:5
59585;10;35:2,37:1,38:2,39:2,40:3
59586;12;36:1,37:2,39:8,40:1
59587;22;35:1,36:2,37:5,38:4,39:8,40:2
59590;13;37:4,38:4,39:3,40:2
59591;0;
59592;22;35:2,36:4,37:3,38:5,39:8
59593;25;35:1,36:1,37:5,38:7,39:9,40:2
59594;12;35:1,36:2,37:2,38:3,39:4
59598;6;36:1,37:1,38:1,39:3
59600;9;36:2,38:1,39:3,40:3
59604;0;
59605;13;37:1,38:5,39:5,40:2
59607;4;35:1,38:1,40:2
59608;6;37:1,38:1,39:4
59610;1;39:1
59611;28;36:6,37:6,38:2,39:11,40:3
59613;1;38:1
59614;41;35:1,36:4,37:10,38:10,39:12,40:4
59615;8;35:1,36:1,37:4,38:2
59616;0;
59617;14;37:2,38:7,39:5
59623;31;35:2,36:5,37:7,38:6,39:10,40:1
59624;17;35:2,36:2,37:6,38:3,39:3,40:1
59625;16;36:6,37:3,38:1,39:4,40:2
59627;15;35:2,37:3,38:3,39:5,40:2
59629;35;36:4,37:9,38:5,39:13,40:4
59631;26;35:1,36:2,37:4,38:5,39:11,40:3
59632;6;35:2,36:1,37:1,38:2
59633;20;35:2,36:5,37:6,38:3,39:3,41:1
59634;2;35:1,39:1
59635;3;35:1,37:1,39:1
59638;11;35:3,36:2,37:2,39:3,40:1
59639;12;35:3,36:3,37:2,38:2,39:2
59640;12;35:4,36:5,37:1,38:1,39:1
59641;1;37:1
59642;12;35:2,36:2,37:3,38:3,39:2
59643;15;35:7,36:4,37:2,38:2
59644;21;35:1,36:4,37:5,38:5,39:6
59645;11;35:1,36:3,38:3,39:4
59646;45;35:3,36:6,37:9,38:14,39:10,41:3
59647;11;35:3,36:2,37:2,38:2,39:2
59648;1;41:1
59653;16;35:5,36:4,37:6,38:1
59654;6;35:3,36:1,38:1,40:1
59657;6;35:2,37:1,38:1,39:2
59659;20;35:4,36:6,37:6,38:3,39:1
59660;22;35:1,36:5,37:4,38:3,39:8,40:1
59661;41;35:4,36:6,37:9,38:11,39:11
59662;6;35:1,36:1,37:2,38:1,39:1
59664;16;35:2,36:3,37:2,38:4,39:3,40:2
59665;27;35:3,36:2,37:5,38:6,39:10,41:1
59667;21;35:3,36:6,37:2,38:4,39:3,40:1,41:2
59669;7;35:1,36:2,37:2,38:1,39:1
59670;6;35:2,36:1,37:1,38:1,39:1
59671;34;35:5,36:6,37:6,38:8,39:8,41:1
59683;47;35:8,36:3,37:13,38:9,39:14
59684;55;35:8,36:4,37:11,38:15,39:17
59687;39;35:8,36:6,37:7,38:10,39:8
59690;27;35:2,36:4,37:7,38:3,39:9,40:1,41:1
59691;52;35:6,36:7,37:13,38:13,39:13
59692;54;35:8,36:7,37:14,38:12,39:12,40:1
59693;26;35:4,37:11,38:3,39:8
59694;42;35:5,36:5,37:10,38:10,39:12
59695;49;35:5,37:7,38:15,39:16,40:2,41:4
59696;20;35:2,37:9,38:1,39:8
59698;38;35:1,36:1,37:10,38:9,39:13,40:3,41:1
59699;0;
59703;19;35:1,36:2,37:2,38:3,39:7,40:1,41:3
59713;41;35:3,36:4,37:7,38:14,39:11,40:1,41:1
59715;44;35:2,36:6,37:8,38:11,39:13,41:4
59717;47;35:3,36:6,37:11,38:11,39:10,40:3,41:3
59742;4;36:2,37:1,39:1
59745;16;35:1,36:3,37:3,38:4,39:3,40:1,41:1
59746;12;35:1,36:2,37:1,38:1,39:6,41:1
59748;17;35:4,36:4,37:3,38:3,39:3
59749;24;35:5,36:3,37:9,38:2,39:5
59750;37;35:3,36:3,37:10,38:9,39:11,40:1
59751;44;35:3,36:5,37:9,38:12,39:12,40:3
59753;37;35:1,36:4,37:8,38:10,39:11,40:3
59754;39;36:5,37:10,38:11,39:12,40:1
59755;45;35:2,36:5,37:12,38:12,39:12,40:2
59757;15;36:1,37:3,38:2,39:7,40:2
59763;19;35:3,36:5,37:7,38:1,39:3
59770;24;35:4,36:5,37:1,38:5,39:6,40:1,41:2
59771;30;36:3,37:4,38:11,39:6,40:2,41:4
59781;25;35:2,36:6,37:4,38:5,39:7,40:1
59785;16;35:5,36:1,37:4,38:2,39:4
59786;16;35:1,36:3,37:3,38:1,39:6,41:2
59789;15;35:3,36:2,37:4,38:1,39:3,41:2
59798;47;35:4,36:6,37:8,38:11,39:13,40:2,41:3
59801;8;35:3,36:1,39:3,41:1
59804;40;35:5,36:6,37:13,38:6,39:10
59806;52;35:7,36:8,37:11,38:11,39:14,40:1
59808;47;35:4,36:7,37:9,38:9,39:13,40:2,41:3
59809;30;35:2,36:3,37:3,38:8,39:10,40:2,41:2
59810;50;35:3,36:6,37:9,38:12,39:14,40:3,41:3
59815;21;35:2,36:4,37:2,38:4,39:8,41:1
59816;35;35:3,36:6,37:5,38:8,39:11,40:1,41:1
59817;7;35:1,36:1,37:1,38:2,39:2
59818;21;35:3,36:1,37:6,38:4,39:7
59830;22;35:1,36:6,37:8,38:4,39:3
59832;11;35:1,36:1,37:1,38:3,39:4,40:1
59833;4;37:1,38:2,39:1
59834;0;
59835;0;
59836;3;38:2,39:1
59837;3;37:3
59838;19;36:3,37:2,38:4,39:10
59839;12;35:1,37:4,38:2,39:5
59840;15;35:2,36:1,37:4,38:1,39:6,40:1
59842;25;36:1,37:6,38:6,39:11,40:1
59843;39;36:3,37:10,38:13,39:10,40:3
59847;8;35:1,36:1,37:2,38:1,39:1,40:2
59848;7;36:1,38:1,39:5
59853;21;35:1,36:3,37:3,38:4,39:8,40:2
59854;15;36:1,37:4,38:4,39:4,40:2
59866;49;35:4,36:7,37:14,38:13,39:10,40:1
59867;57;35:4,36:7,37:16,38:13,39:13,40:4
59869;53;35:4,36:7,37:12,38:14,39:14,40:2
59873;53;35:5,36:8,37:13,38:16,39:9,40:2
59874;55;35:3,36:9,37:12,38:14,39:13,40:4
59875;44;35:4,36:6,37:10,38:14,39:9,40:1
59876;48;35:2,36:6,37:13,38:13,39:10,40:4
59895;43;35:2,36:9,37:11,38:10,39:11
59896;37;35:3,36:3,37:9,38:11,39:11
59898;17;35:1,36:2,37:7,38:4,39:3
59899;20;35:2,36:1,37:9,38:4,39:4
59901;8;36:2,38:2,39:3,40:1
59902;3;35:1,37:2
59903;2;36:1,37:1
59905;17;35:2,36:6,37:2,38:3,39:3,40:1
59906;4;36:2,38:1,39:1
59911;4;37:1,39:3
59912;4;36:1,37:1,39:2
59929;22;37:5,38:7,39:9,40:1
59930;65;35:5,36:8,37:16,38:14,39:18,40:4
59931;26;35:1,36:6,37:8,38:6,39:3,40:2
59932;36;35:3,36:3,37:10,38:8,39:12
59933;33;35:3,36:5,37:7,38:9,39:8,40:1
59934;37;35:1,36:5,37:8,38:7,39:14,40:2
59936;27;35:2,36:4,37:7,38:5,39:8,40:1
59949;25;36:1,37:3,38:3,39:14,40:4
59950;33;36:2,37:11,38:5,39:13,40:2
59951;22;37:1,38:3,39:13,40:5
59953;18;38:4,39:11,40:3
59954;28;35:2,36:2,37:2,38:8,39:13,40:1
59955;24;36:1,37:3,38:4,39:14,40:2
59956;20;37:3,38:5,39:9,40:3
59957;39;35:1,36:3,37:6,38:7,39:17,40:5
59958;30;35:1,36:4,37:4,38:7,39:13,40:1
59959;17;37:1,38:5,39:9,40:2
59961;38;35:3,36:3,37:11,38:7,39:14
59962;5;39:4,40:1
59963;14;36:1,37:2,38:6,39:4,40:1
59964;20;37:1,38:4,39:12,40:3
59965;10;38:2,39:8
59966;13;37:1,38:3,39:7,40:2
59967;28;35:1,37:3,38:9,39:12,40:3
59968;13;37:1,38:5,39:5,40:2
59969;4;36:1,38:1,39:2
59970;16;36:2,37:4,38:6,39:3,40:1
59971;5;38:4,39:1
59972;5;35:1,37:2,39:2
59976;5;38:3,39:2
59977;12;36:2,37:1,38:5,39:3,40:1
59978;35;35:4,36:3,37:7,38:8,39:10,40:3
59979;35;36:6,37:4,38:12,39:11,40:2
59980;47;35:4,36:5,37:12,38:11,39:13,40:2
59984;24;35:2,36:3,37:4,38:5,39:9,40:1
59985;28;35:1,37:6,38:5,39:14,40:2
59986;48;35:1,36:6,37:11,38:11,39:15,40:4
59987;43;35:1,36:7,37:8,38:15,39:10,40:2
59988;58;35:4,36:7,37:16,38:11,39:16,40:4
60000;16;36:2,37:3,38:3,39:8
60001;21;36:1,37:5,38:5,39:10
60002;11;35:1,36:1,37:3,38:2,39:3,40:1
60004;38;37:9,38:15,39:12,40:2
60005;47;35:2,36:3,37:12,38:10,39:19,40:1
60006;20;37:7,38:2,39:11
60008;20;35:1,36:3,37:1,38:7,39:7,40:1
60010;0;
60011;2;35:1,38:1
60014;0;
60015;2;37:1,40:1
60017;17;36:3,37:1,38:6,39:7
60019;12;35:1,38:4,39:6,40:1
60021;12;36:2,37:2,38:2,39:5,40:1
60022;14;36:2,37:5,38:2,39:5
60023;2;39:2
60024;0;
60025;1;39:1
60026;7;35:1,36:1,37:1,38:3,39:1
60027;21;35:1,37:7,38:3,39:10
60028;0;
60029;0;
60030;3;36:1,39:1,40:1
60031;10;37:2,38:2,39:3,40:3
60032;0;
60033;4;35:1,37:1,38:1,39:1
60034;0;
60035;22;37:3,38:8,39:8,40:3
60036;5;38:4,39:1
60038;15;37:3,38:4,39:5,40:3
60039;0;
60040;16;36:2,37:2,38:2,39:10
60048;16;35:2,36:5,37:6,39:2,40:1
60049;16;35:1,37:3,38:5,39:4,40:3
60050;16;35:3,37:4,38:5,39:4
60051;5;37:1,39:4
60068;31;36:3,37:11,38:7,39:8,40:2
60069;40;35:2,36:6,37:13,38:9,39:10
60070;50;35:4,36:5,37:12,38:12,39:14,40:3
60072;32;35:3,36:3,37:11,38:3,39:10,40:2
60073;17;35:4,36:2,37:5,38:1,39:5
60074;21;35:2,36:5,37:4,38:2,39:7,40:1
60094;4;36:1,39:2,40:1
60097;4;37:1,38:2,39:1
60099;32;35:2,36:2,37:7,38:10,39:8,40:3
60100;19;36:2,37:5,38:4,39:8
60101;1;39:1
60102;28;35:2,36:1,37:9,38:9,39:7
60103;2;38:1,39:1
60104;11;35:1,37:1,38:3,39:5,40:1
60105;30;36:2,37:7,38:11,39:9,40:1
60107;5;39:4,40:1
60109;2;36:1,39:1
60110;0;
60112;13;35:3,36:1,37:6,38:1,39:2
60113;5;35:3,36:1,37:1
60115;2;37:2
60116;15;35:4,36:6,37:3,39:2
60117;22;35:1,36:4,37:8,38:7,39:2
60118;30;35:4,36:7,37:7,38:3,39:8,40:1
60119;31;35:3,36:7,37:8,38:7,39:6
60120;43;35:2,36:5,37:9,38:9,39:13,40:5
60121;29;35:1,36:2,37:3,38:8,39:14,40:1
60122;50;35:3,36:4,37:13,38:15,39:12,40:3
60128;41;35:2,36:4,37:9,38:11,39:12,40:3
60129;36;35:1,36:2,37:9,38:10,39:12,40:2
60130;33;35:2,36:4,37:7,38:9,39:10,40:1
60134;14;37:1,38:6,39:6,40:1
60138;37;35:1,36:3,37:8,38:11,39:13,40:1
60139;37;35:1,36:2,37:9,38:13,39:11,40:1
60140;52;35:3,36:9,37:11,38:12,39:14,40:3
60141;5;37:1,39:4
60142;15;36:3,37:2,38:1,39:8,40:1
60145;8;39:7,40:1
60147;10;37:1,38:6,39:2,40:1
60149;20;37:2,38:3,39:12,40:3
60150;31;36:3,37:8,38:12,39:7,40:1
60151;34;35:1,36:5,37:9,38:7,39:11,40:1
60154;54;35:4,36:4,37:13,38:12,39:17,40:4
60155;10;38:5,39:5
60156;25;35:3,36:3,37:2,38:6,39:10,40:1
60157;20;36:1,37:1,38:8,39:8,40:2
60159;38;35:2,36:4,37:10,38:10,39:11,40:1
60160;15;36:1,37:2,38:2,39:9,40:1
60161;38;35:2,36:6,37:7,38:10,39:11,40:2
60166;34;35:1,36:5,37:1,38:11,39:14,40:2
60167;26;35:1,36:2,37:7,38:7,39:8,40:1
60172;10;36:1,37:1,38:3,39:4,40:1
60173;13;35:1,36:1,38:1,39:9,40:1
60174;4;39:3,40:1
60175;2;38:1,39:1
60185;4;35:1,36:1,37:1,39:1
60186;13;35:3,36:2,37:5,38:3
60187;2;36:1,39:1
60188;3;36:1,38:1,39:1
60189;0;
60190;3;36:1,39:2
60195;8;38:1,39:6,40:1
60196;7;35:1,37:2,38:1,39:1,40:2
60197;51;35:3,36:7,37:13,38:13,39:12,40:3
60198;32;35:1,36:3,37:6,38:9,39:11,40:2
60200;13;37:4,38:7,39:2
60201;4;37:2,38:2
60202;17;37:2,38:6,39:9
60203;5;37:2,38:1,39:2
60205;5;36:1,37:1,38:3
60206;1;37:1
60207;0;
60208;15;37:4,38:9,39:2
60209;2;37:1,39:1
60210;33;37:10,38:12,39:11
60212;23;37:7,38:10,39:6
60214;24;37:8,38:11,39:5
60216;32;36:3,37:5,38:14,39:10
60217;5;36:2,37:2,38:1
60220;3;38:3
60222;80;36:14,37:22,38:34,39:10
60223;8;37:2,38:5,39:1
60225;43;36:5,37:6,38:23,39:9
60226;16;36:1,37:3,38:9,39:3
60228;44;36:1,37:11,38:13,39:19
60234;5;37:2,38:2,39:1
60235;17;36:1,37:5,38:4,39:7
60236;2;37:1,38:1
60238;19;36:1,37:1,38:13,39:4
60240;5;37:1,38:4
60242;32;36:1,37:7,38:18,39:6
60243;32;36:2,37:4,38:18,39:8
60245;9;36:1,37:2,38:2,39:4
60246;18;36:1,37:1,38:10,39:6
60247;19;36:1,37:3,38:11,39:4
60254;0;
60255;12;36:1,37:1,38:4,39:6
60256;2;37:1,38:1
60315;40;36:6,37:11,38:11,39:10,40:2
60316;36;36:6,37:12,38:7,39:8,40:3
60317;10;36:3,37:5,38:1,39:1
60318;11;36:5,37:5,38:1
60319;4;39:4
60400;51;35:4,36:5,37:13,38:13,39:13,40:3
60401;44;35:1,36:9,37:11,38:10,39:10,40:3
60403;29;35:2,36:6,37:6,38:7,39:8
60404;16;37:5,38:4,39:7
60405;14;35:2,36:2,37:3,38:4,39:3
60406;27;36:2,37:7,38:2,39:10,40:6
60407;38;36:5,37:10,38:9,39:8,40:6
60408;34;36:6,37:7,38:9,39:9,40:3
60409;24;35:2,36:6,37:5,39:9,40:2
60410;35;35:2,36:5,37:6,38:13,39:9
60411;20;35:2,36:1,37:2,38:4,39:10,40:1
60412;9;37:5,38:1,39:3
60413;15;36:6,37:4,38:1,39:3,40:1
60414;46;36:6,37:10,38:13,39:13,40:4
60415;33;36:3,37:8,38:9,39:8,40:5
60424;9;36:2,37:5,39:2
60425;9;37:8,39:1
60426;29;36:5,37:4,38:6,39:4,40:4,41:6
60427;22;36:3,37:2,38:7,39:3,40:3,41:4
60428;28;36:4,37:4,38:6,39:9,40:1,41:4
60429;35;36:5,37:6,38:8,39:7,40:4,41:5
60430;15;37:2,38:4,39:5,40:4
60431;26;36:4,37:7,38:9,39:3,40:3
60432;31;36:1,37:7,38:11,39:7,40:5
60433;23;36:2,37:7,38:3,39:7,40:4
60436;38;36:3,37:10,38:8,39:13,40:4
60437;19;36:2,37:2,38:7,39:4,40:4
60438;12;36:1,37:1,38:4,39:4,40:2
60439;33;36:5,37:9,38:6,39:8,40:5
60440;26;36:3,37:4,38:7,39:9,40:3
60441;44;36:5,37:12,38:11,39:10,40:6
60442;27;36:3,37:7,38:5,39:7,40:5
60443;49;36:7,37:11,38:13,39:13,40:5
60444;41;36:6,37:13,38:7,39:11,40:4
60445;38;36:6,37:12,38:7,39:10,40:3
